crc32,name,filename,size,platform,region,status,alt_filenames,notes
A318E8D6,french version of G7000,bios_c52.bin,1024,BIOS,EU,not_tested,Philips C52 BIOS (19xx)(Philips)(FR).bin,
11647CA5,french version of G7400,bios_jopac.bin,1024,BIOS,EU,not_tested,,
8016A315,same as G7000 BIOS,bios_O2rom.bin,1024,BIOS,EU,not_tested,Magnavox Odyssey2 BIOS (1978)(Philips)(EU-US).bin,
E20A9F41,Videopac+ (european Odyssey3),bios_g7400.bin,1024,BIOS,EU,not_tested,,
FC5A7F08,Attack of the Timelord,o2_45.bin,4096,O2,US,not_tested,Attack of the Timelord (1983)(Philips)(US).bin,
0F870806,Computer Golf,o2_10.bin,2048,O2,US,not_tested,Computer Golf (1980)(Philips)(US).bin,
95EFA98B,Computer Intro,o2_06.bin,2048,O2,US,not_tested,Computer Intro (1980)(Philips)(US).bin,
C049E79E,Cosmic Conflict,o2_11.bin,2048,O2,US,not_tested,Cosmic Conflict (1980)(Philips)(US).bin,
DC30AD3D,Dynasty,o2_21.bin,2048,O2,US,not_tested,Dynasty (1980)(Philips)(US).bin,
AD7A9A11,Invaders from Hyperspace,o2_14.bin,2048,O2,US,not_tested,Invaders from Hyperspace (1980)(Philips)(US).bin,
7108E058,K.C.Munchkin,o2_35.bin,4096,O2,US,not_tested,K.C. Munchkin (1982)(Philips)(US).bin,
688FAD11,Keyboard Creations,o2_33.bin,2048,O2,US,not_tested,Keyboard Creations (1980)(Philips)(US).bin,
BBF276A0,Matchmaker/Buzzword/Logix,o2_07.bin,2048,O2,US,not_tested,Matchmaker + Logix + Buzzword (1980)(Philips)(US).bin,
CF2F8E7A,Nimble Numbers Ned,o2_39.bin,4096,O2,US,not_tested,Nimble Numbers Ned (1978)(Philips)(US).bin,
4A6963DE,NTSC version of Blobbers,ntsc_57.bin,8192,O2,US,not_tested,,
4A578DFE,ntsc_chez-maxime.bin,ntsc_chez-maxime.bin,4096,O2,US,not_tested,,
91A85E7C,ntsc_moto-crash.bin,ntsc_moto-crash.bin,4096,O2,US,not_tested,,
863D5E2D,ntsc_shark-hunter.bin,ntsc_shark-hunter.bin,8192,O2,US,not_tested,,
CC8BC68C,ntsc_tutankham.bin,ntsc_tutankham.bin,8192,O2,US,not_tested,,
0C2E4811,Out of this World/Helicopter Rescue,o2_19.bin,2048,O2,US,not_tested,Out of This World + Helicopter Rescue (1980)(Philips)(US).bin,
874F36A4,P.T.Barnum's Acrobats,o2_43.bin,4096,O2,US,not_tested,P.T. Barnum's Acrobats (1981)(Philips)(US).bin,
40AE062D,Powerlords,o2_48.bin,4096,O2,US,not_tested,Power Lords (1978)(Philips)(US).bin,
3351FEDA,Powerlords (alternate version),o2_48alt.bin,8192,O2,US,not_tested,Power Lords (1978)(Philips)(US)[a].bin,
9487C920,Showdown in 2100 A.D.,o2_16.bin,2048,O2,US,not_tested,Showdown in 2100 A.D. (1980)(Philips)(US).bin,
1B9F2F16,Sid the Spellbinder (needs special set of Voice sounds),o2_38.bin,4096,O2,US,not_tested,Sid the Spellbinder (1978)(Philips)(US).bin,
67069924,Smithereens,o2_41.bin,4096,O2,US,not_tested,Smithereens (1980)(Philips)(US).bin,
9E42E766,Turtles,o2_46.bin,8192,O2,US,not_tested,Turtles (1983)(Philips)(US).bin,
B936BD78,Type & Tell,o2_40.bin,4096,O2,US,not_tested,Type & Tell (1978)(Philips)(US).bin,
2B1E9E19,UFO,o2_30.bin,2048,O2,US,not_tested,UFO (1981)(Philips)(US).bin,
FDF0028F,works also on PAL consoles,ntsc_interpol.bin,4096,O2,US,not_tested,,
32AAC006,works on NTSC and PAL and also has Plus graphics corrections,ntsc_exojet_pl.bin,8192,O2,US,not_tested,,
BE4FF48E,"""Select game"" screen works also on a G7400",mod_19_g7400.bin,2048,VP,EU,not_tested,,
3BFEF56B,4-in-1 Row,vp_40.bin,4096,VP,EU,not_tested,4 in 1 Row (1982)(Philips)(EU).bin,
D158EEBA,A Labyrinth Game/Supermind,vp_32.bin,2048,VP,EU,not_tested,"Labyrinth Game, A + Supermind (1981)(Philips)(EU).bin",
A29F0FD4,"a.k.a. Catch, Plantage",pr_playtag.bin,4096,VP,EU,not_tested,Play Tag (19xx)(Philips)(EU).bin,
D94D4109,Air Battle +,vp_58_12.bin,12288,VP,EU,not_tested,,
5AE57A8C,Air-Sea War/Battle,vp_04.bin,2048,VP,EU,not_tested,Armored Encounter + Sub Chase (1980)(Philips)(EU-US).bin,
F9084AA3,American Football,vp_03.bin,2048,VP,EU,not_tested,Football (1980)(Philips)(EU-US).bin,
65E5A779,assembled by me,new_helicopter_buzzword.bin,2048,VP,EU,not_tested,,
9D2C45DC,Backgammon,vp_48.bin,8192,VP,EU,not_tested,,
B07748E7,Baseball,vp_08.bin,2048,VP,EU,not_tested,Baseball (1980)(Philips)(EU-US).bin,
239DF97D,Basket Game,vp_26.bin,2048,VP,EU,not_tested,Pachinko (1981)(Philips)(EU-US).bin,
58FA6766,Battlefield,vp_30.bin,2048,VP,EU,not_tested,War of Nerves (1981)(Philips)(EU-US).bin,
6F66B1F7,Blackjack,vp_05.bin,2048,VP,EU,not_tested,Las Vegas Blackjack (1980)(Philips)(EU-US).bin,
9D72D4E9,Blobbers,vp_57.bin,8192,VP,EU,not_tested,,
A57E1724,Catch the Ball/Noughts and Crosses,vp_19.bin,2048,VP,EU,not_tested,Catch the Ball + Noughts and Crosses (1980)(Philips)(EU).bin,
77066338,"Chess (not complete, game has extra microprocessor module)",vp_C7010.bin,2048,VP,EU,not_tested,Chess (19xx)(Philips)(EU).bin,
11EDF25B,Chinese Logic,vp_17.bin,2048,VP,EU,not_tested,Chinese Logic (1980)(Philips)(EU).bin,
B590CF14,Computer Programmer,vp_09.bin,2048,VP,EU,not_tested,Computer Programmer (1980)(Philips)(EU).bin,
AFC093FD,Conquest of the World,vp_41.bin,4096,VP,EU,not_tested,Conquest of the World (1981)(Philips)(EU-US).bin,
F4C2075E,Cosmic Conflict,vp_11.bin,2048,VP,EU,not_tested,Cosmic Conflict (1980)(Philips)(EU).bin,
2A5F0B2B,Cosmic Conflict (alternate version),vp_11alt.bin,2048,VP,EU,not_tested,Cosmic Conflict (1980)(Philips)(EU)[a].bin,
A6909A8B,Crazy Chase,vp_44.bin,4096,VP,EU,not_tested,K.C.'s Krazy Chase (1982)(Philips)(EU-US).bin,
FB83171E,Dam Buster,vp_29.bin,2048,VP,EU,not_tested,Blockout + Breakdown (1981)(Philips)(EU-US).bin,
2DCB77F0,Depth Charge/Marksman,vp_16.bin,2048,VP,EU,not_tested,Depth Charge + Marksman (1980)(Philips)(EU).bin,
24D53E2C,Electronic Billiards,vp_35.bin,2048,VP,EU,not_tested,Pocket Billiards (1981)(Philips)(EU-US).bin,
39989464,Electronic Soccer/Electronic Ice Hockey,vp_36.bin,2048,VP,EU,playable,Hockey + Soccer (1981)(Philips)(EU-US).bin,
89C6DE2C,Electronic Table Football,vp_27.bin,2048,VP,EU,not_tested,Electronic Table Soccer (1981)(Philips)(EU-US).bin,
D3B09FEC,Electronic Volleyball,vp_28.bin,2048,VP,EU,not_tested,Volleyball (1981)(Philips)(EU-US).bin,
193F3855,"examples from the manual are included (press 5-8,+,-,* or ÷)",mod_vp9_examples.bin,4096,VP,EU,not_tested,,
3B9D30C4,"examples from the manual are included (press 9, then 0-9,A,S,D or F)",mod_vp31_examples.bin,6144,VP,EU,not_tested,,
2C9D1715,Flipper Game,vp_24.bin,2048,VP,EU,not_tested,Thunderball (1980)(Philips)(EU-US).bin,
54736B74,Freedom Fighters,vp_39.bin,4096,VP,EU,not_tested,Freedom Fighters (1982)(Philips)(EU-US).bin,
06861A9C,G7400 version of the Odyssey3 prototype game,pal_flashpoint.bin,8192,VP,EU,not_tested,,
14B6CC76,Golf,vp_10.bin,2048,VP,EU,not_tested,Golf (1980)(Philips)(EU).bin,
69D21F8F,GST prototype,pr_interpol.bin,4096,VP,EU,not_tested,Interpol (19xx)(Philips)(EU).bin,
DF36683F,GST prototype,pr_shark-hunter.bin,8192,VP,EU,not_tested,Shark Hunter (19xx)(Philips)(EU).bin,
39E31BF0,GST prototype (a.k.a. Jake),pr_martian-threat.bin,8192,VP,EU,not_tested,Martian Threat (19xx)(Philips)(EU).bin,
EF9E9C3B,GT prototype,pr_robot-city.bin,8192,VP,EU,not_tested,Robot City (19xx)(Philips)(EU).bin,
ABE368BF,Gunfighter,vp_14.bin,2048,VP,EU,not_tested,Gunfighter (1980)(Philips)(EU).bin,
C4134DF8,Helicopter Rescue +  (works only on G7400 and Jopac),vp_59_16.bin,16384,VP,EU,not_tested,,
A7344D1F,im_atlantis.bin,im_atlantis.bin,4096,VP,EU,not_tested,Atlantis (1983)(Imagic)(EU-US).bin,
9BFC3E01,im_demon-attack.bin,im_demon-attack.bin,4096,VP,EU,not_tested,Demon Attack (1983)(Imagic)(EU-US).bin,
6CEBAB74,Jumping Acrobats,vp_33.bin,2048,VP,EU,not_tested,Jumping Acrobats (1981)(Philips)(EU).bin,
E7B26A56,Jumping Acrobats (alternate version),vp_33alt.bin,2048,VP,EU,not_tested,Jumping Acrobats (1981)(Philips)(EU)[a].bin,
9C9DDDF9,Kinder im Verkehr (german traffic game),vp_v.bin,2048,VP,EU,not_tested,Kinder im Verkehr 1 (1982)(CSV - Philips)(DE).bin,
BB6E7135,Las Vegas Gambling,vp_23.bin,2048,VP,EU,not_tested,Casino Slot Machine (1980)(Philips)(EU-US).bin,
17BE749B,Laser War,vp_18.bin,2048,VP,EU,not_tested,Laser War (1980)(Philips)(EU).bin,
CA23F40C,"Loony Balloon (no plus graphics, unreleased)",vp_54.bin,4096,VP,EU,not_tested,Loony Balloon (1983)(Philips)(EU)(proto).bin,
DC5AFAA2,Mathematician/Echo,vp_07.bin,2048,VP,EU,not_tested,Math-A-Magic + Echo (1980)(Philips)(EU-US).bin,
4F73B44C,modified by Rob Kudla,new_kc-pacman.bin,4096,VP,EU,not_tested,K.C. Munchkin (1982)(Philips)(US)[b].bin,
5F663FFC,modified by VPaC,new_jg-munchkin.bin,4096,VP,EU,not_tested,,
9E5EE195,modified version of kc-pacman (by me),new_kc-pacvid.bin,4096,VP,EU,not_tested,,
FEE664F3,Monkeyshines,vp_37.bin,4096,VP,EU,not_tested,Monkeyshines (1982)(Philips)(EU-US).bin,
2122012C,Morse,vp_45.bin,2048,VP,EU,not_tested,Morse (1983)(Philips)(EU).bin,
4A3E2DC8,Munchkin,vp_38.bin,4096,VP,EU,not_tested,Munchkin (1982)(Philips)(EU).bin,
AFB23F89,Musician,vp_31.bin,4096,VP,EU,not_tested,Musician (1981)(Philips)(EU).bin,
D03EFA86,"Neutron Star (Black hole, unreleased)",vp_55.bin,8192,VP,EU,not_tested,Neutron Star (1983)(Philips)(EU)(proto).bin,
BE11157C,Neutron Star +,vp_55_12.bin,12288,VP,EU,not_tested,,
2038F56C,Neutron Star + (bug fixed),vp_55_12fix.bin,12288,VP,EU,not_tested,,
85DFCDD7,Newscaster,vp_a.bin,2048,VP,EU,not_tested,Newscaster (1980)(Philips)(EU).bin,
313547EB,"Nightmare (phantom house, unreleased)",vp_53.bin,8192,VP,EU,not_tested,Nightmare (1983)(Philips)(EU).bin,
798E10BB,O2em version of Puzzle Piece Panic,new_ppp-o2em.bin,8192,VP,EU,not_tested,,
A69C2C93,Pairs/Space Rendezvous/Logic,vp_02.bin,2048,VP,EU,not_tested,Pairs + Space Rendezvous + Logic (1980)(Philips)(EU).bin,
7BE6F1EF,PAL prototype of Comando Noturno,pr_nightfighter.bin,8192,VP,EU,not_tested,Nightfighter (19xx)(-)(EU).bin,
EB61888F,pal_acrobats.bin,pal_acrobats.bin,4096,VP,EU,not_tested,,
DAAE02DC,pal_nimble-numbers-ned.bin,pal_nimble-numbers-ned.bin,4096,VP,EU,not_tested,,
5C02BEE6,pal_type-and-tell.bin,pal_type-and-tell.bin,4096,VP,EU,not_tested,,
35ACE4E8,Parker Brothers prototype,pr_spiderman.bin,8192,VP,EU,not_tested,Spider-Man (19xx)(Parker Brothers - Philips)(EU).bin,
0B2DEB61,Parker Brothers prototype,pr_tutankham.bin,8192,VP,EU,not_tested,Tutankham (19xx)(Parker Brothers)(EU).bin,
D0BC4EE6,pb_frogger.bin,pb_frogger.bin,8192,VP,EU,not_tested,Frogger (1983)(Parker Brothers)(EU).bin,
5216771A,pb_popeye.bin,pb_popeye.bin,8192,VP,EU,not_tested,Popeye (1983)(Parker Brothers)(EU).bin,
202F2749,pb_q-bert.bin,pb_q-bert.bin,8192,VP,EU,not_tested,Qbert (1983)(Parker Brothers)(EU).bin,
95936B07,pb_super-cobra.bin,pb_super-cobra.bin,8192,VP,EU,not_tested,Super Cobra (1983)(Parker Brothers)(EU).bin,
D62814A3,Pick Axe Pete,vp_43.bin,4096,VP,EU,not_tested,Pickaxe Pete (1982)(Philips)(EU-US).bin,
1C8368E7,Playschool Maths,vp_13.bin,2048,VP,EU,not_tested,I've Got Your Number (1980)(Philips)(EU-US).bin,
C06A3880,Pong with extra features,new_pong_all.bin,4096,VP,EU,not_tested,,
335481F1,pr_martian-threat_alt.bin,pr_martian-threat_alt.bin,8192,VP,EU,not_tested,Martian Threat (19xx)(Philips)(EU)[a].bin,
655FDF57,pr_mission-impossible.bin,pr_mission-impossible.bin,2048,VP,EU,not_tested,Missao Impossivel (19xx)(Ectron)(BR).bin,
1EEB88F5,pr_red-baron.bin,pr_red-baron.bin,8192,VP,EU,not_tested,Red Baron (19xx)(-)(EU).bin,
5C4F35D3,pr_red-baron_alt.bin,pr_red-baron_alt.bin,8192,VP,EU,not_tested,Red Baron (19xx)(-)(EU)[a].bin,
3E5F71F3,pr_spiderman_alt.bin,pr_spiderman_alt.bin,8192,VP,EU,not_tested,Spider-Man (19xx)(Parker Brothers - Philips)(EU)[a].bin,
9451BE1E,Quest for the Rings,vp_42.bin,4096,VP,EU,not_tested,Quest for the Rings (1981)(Philips)(EU-US).bin,
4EDA4917,Race/Spin-out/Cryptogram,vp_01.bin,2048,VP,EU,not_tested,Speedway + Spin-out + Crypto-logic (1978)(Philips)(EU-US).bin,
96ADC96C,Race/Spin-out/Cryptogram  (color hack),vp_01hack.bin,2048,VP,EU,not_tested,,
7810BAD5,Samurai,vp_15.bin,2048,VP,EU,not_tested,Samurai (1980)(Philips)(EU).bin,
395629E1,Satellite Attack,vp_34.bin,2048,VP,EU,playable,Satellite Attack (1981)(Philips)(EU).bin,
7394E82C,Secret of the Pharaohs,vp_21.bin,2048,VP,EU,not_tested,Secret of the Pharaohs (1980)(Philips)(EU).bin,
4663C4B6,Skiing,vp_25.bin,2048,VP,EU,not_tested,Alpine Skiing (1980)(Philips)(EU-US).bin,
71AE8533,Space Monster,vp_22.bin,2048,VP,EU,not_tested,Alien Invaders - Plus (1980)(Philips)(EU-US).bin,
DDBA0ED2,Space Monster (color hack),vp_22hack.bin,2048,VP,EU,not_tested,,
44D1A8A5,Stone Sling,vp_20.bin,2048,VP,EU,not_tested,Stone Sling (1980)(Philips)(EU).bin,
9585D511,Super Bee,vp_50.bin,4096,VP,EU,not_tested,Super Bee (1983)(Philips)(EU).bin,
11FF50AD,Take the Money and Run,vp_12.bin,2048,VP,EU,not_tested,Take the Money and Run (1980)(Philips)(EU-US).bin,
084EE035,Tenpin Bowling/Basketball,vp_06.bin,2048,VP,EU,not_tested,Bowling + Basketball (1980)(Philips)(EU-US).bin,
881CEAE4,The Great Wall Street Fortune Hunt,vp_46.bin,4096,VP,EU,not_tested,"Great Wall Street Fortune Hunt, The (1983)(Philips)(EU-US).bin",
F390BFEC,The Mousing Cat,vp_47.bin,4096,VP,EU,not_tested,"Mousing Cat, The (1983)(Philips)(EU).bin",
0D2D721D,Trans American Rally + (works only on G7400 and Jopac),vp_60_16.bin,16384,VP,EU,not_tested,,
1C750349,Turtles,vp_49.bin,8192,VP,EU,not_tested,Turtles (1983)(Philips)(EU).bin,
5C8708AC,Voice won't hum anymore,mod_14fix.bin,2048,VP,EU,not_tested,,
A5ABFD39,Voice won't hum anymore,mod_28fix.bin,2048,VP,EU,not_tested,,
07685850,Voice won't hum anymore,mod_30fix.bin,2048,VP,EU,not_tested,,
A2C6750E,Voice won't hum anymore,mod_36fix.bin,2048,VP,EU,not_tested,,
19947048,Voice won't hum anymore,mod_br21_fix.bin,4096,VP,EU,not_tested,,
88D7CE72,Voice won't hum anymore,mod_playtag_fix.bin,4096,VP,EU,not_tested,,
0009965B,Voice won't hum anymore,mod_tutankham_fix.bin,8192,VP,EU,not_tested,,
C8F36C28,works also on a G7400,mod_05_g7400.bin,4096,VP,EU,not_tested,,
C97268DC,"works also on a G7400, doesn't need extra chip anymore",mod_31_g7400.bin,6144,VP,EU,not_tested,,
7C747245,"works also on a G7400, doesn't need extra chip anymore",mod_40_g7400.bin,8192,VP,EU,not_tested,,
A767508B,works on a G7000,mod_moto-crash_g7000.bin,4096,VP,EU,not_tested,,
45EF459C,written by John Dondzila,new_amok.bin,4096,VP,EU,not_tested,,
2247405E,written by John Dondzila,new_amok_alt.bin,4096,VP,EU,not_tested,"Amok (1998)(Dondzilla, John).bin",
ABE9B016,written by Rafael Cardoso,new_route66.bin,2048,VP,EU,not_tested,,
6EF2471A,written by Ralph Bear,pr_pinball.bin,2048,VP,EU,not_tested,Pinball (19xx)(-)(US).bin,
ECCD03BE,written by Rene van den Enden,new_calculator.bin,4096,VP,EU,not_tested,,
245D3533,written by Rene van den Enden,new_pong.bin,2048,VP,EU,not_tested,,
B47F3E0B,written by Soeren Gust,new_ktaa-demo1.bin,8192,VP,EU,not_tested,,
877B4109,written by Soeren Gust,new_ktaa-demo2.bin,8192,VP,EU,not_tested,,
4E2CC6D3,written by Soeren Gust,new_ktaa.bin,12288,VP,EU,not_tested,,
A030B990,written by Ted (Foolery) Szczypiorski,new_mrroboto.bin,8192,VP,EU,not_tested,,
6CB1DE16,written by Ted (Foolery) Szczypiorski,new_planet-lander.bin,2048,VP,EU,not_tested,,
72674ADB,written by Ted (Foolery) Szczypiorski,new_puzzle-piece-panic.bin,8192,VP,EU,not_tested,,
569E4249,8k version with plus graphics,mod_55pl.bin,8192,VP+,EU,not_tested,,
6FABCB7E,Clay Pigeon with Plus background gfx,pr_clay-pigeon_pl.bin,8192,VP+,EU,not_tested,,
A8DBED92,Cosmic Conflict +,vp_11pl.bin,8192,VP+,EU,not_tested,,
7A006985,dark blue enemies are visible again on a G7400,mod_11pl.bin,8192,VP+,EU,not_tested,,
3C949A57,Electronic Billiards + (unreleased),vp_35pl.bin,8192,VP+,EU,not_tested,,
2DA28C17,first line of plus graphics is now visible on a G7400,mod_01pl.bin,8192,VP+,EU,not_tested,,
2FCE9245,Flipper Game + (unreleased),vp_24pl.bin,8192,VP+,EU,not_tested,,
1931F5C5,Freedom Fighters +,vp_39pl.bin,8192,VP+,EU,not_tested,,
CFCA6F39,jo_exojet_pl.bin,jo_exojet_pl.bin,8192,VP+,EU,not_tested,,
B2F0F0B4,jo_le-tresor-englouti_pl.bin,jo_le-tresor-englouti_pl.bin,8192,VP+,EU,not_tested,,
DEE70B33,Killer Bees +,vp_52pl.bin,8192,VP+,EU,not_tested,,
B932D584,Loony Balloon +,vp_54pl.bin,8192,VP+,EU,not_tested,,
26B0FF5B,Nightmare +,vp_53pl.bin,8192,VP+,EU,not_tested,,
A75C42F8,Norseman +  (works only on G7400 and Jopac),vp_56pl.bin,8192,VP+,EU,not_tested,,
B2FFB353,Pick Axe Pete +,vp_43pl.bin,8192,VP+,EU,not_tested,,
82996B1F,Plus graphics corrections,mod_06pl.bin,8192,VP+,EU,not_tested,,
0A2F0F58,Plus graphics corrections,mod_24pl.bin,8192,VP+,EU,not_tested,,
81C20196,Plus graphics corrections,mod_43pl.bin,8192,VP+,EU,not_tested,,
9884EF36,Plus graphics corrections,mod_demon-attack_pl.bin,8192,VP+,EU,not_tested,,
B5FB1416,Plus version,jo_basket-bowling_pl.bin,8192,VP+,EU,not_tested,,
4CEC1404,Plus version,jo_billard_pl.bin,8192,VP+,EU,not_tested,,
50AF9D45,Plus version,jo_demon-attack_pl.bin,8192,VP+,EU,not_tested,,
AC5C74E6,Plus version of Thunderball,jo_flipper_pl.bin,8192,VP+,EU,not_tested,,
7C989567,pr_clay-pigeon_pl_alt.bin,pr_clay-pigeon_pl_alt.bin,8192,VP+,EU,not_tested,,
EE3EE642,Race/Spin-out/Cryptogram +,vp_01pl.bin,8192,VP+,EU,not_tested,,
B4735E6B,Satellite Attack +,vp_34pl.bin,8192,VP+,EU,not_tested,,
2391C2FB,Stone Sling +,vp_20pl.bin,8192,VP+,EU,not_tested,,
25057C11,Stone sling+ with Voice sounds and scoring from Smithereens,mod_20pl.bin,8192,VP+,EU,not_tested,,
E5FB4260,Tenpin Bowling/Basketball + (unreleased),vp_06pl.bin,8192,VP+,EU,not_tested,,
764894A1,Terrahawks +,vp_51pl.bin,8192,VP+,EU,not_tested,,
BE26212B,Voice won't hum anymore,mod_35pl_fix.bin,8192,VP+,EU,not_tested,,
68560DC7,Works only on Jopac and G7400,jo_moto-crash_pl.bin,8192,VP+,EU,not_tested,,
0F46CF66,jo_chez-maxime.bin,jo_chez-maxime.bin,4096,Jopac,EU,not_tested,,
280D08F4,jo_syracuse.bin,jo_syracuse.bin,4096,Jopac,EU,not_tested,,
4103EE95,Air battle,br_58.bin,8192,Brazilian,BR,not_tested,,
FD179F6D,br_clay-pigeon.bin,br_clay-pigeon.bin,4096,Brazilian,BR,not_tested,Clay Pigeon (19xx)(Philips)(BR).bin,
26517E77,br_comando-noturno.bin,br_comando-noturno.bin,8192,Brazilian,BR,not_tested,Comando Noturno (1983)(Philips)(BR).bin,
1B188870,br_popeye.bin,br_popeye.bin,8192,Brazilian,BR,not_tested,Popeye (1983)(Parker Brothers)(BR).bin,
E58AA0AC,br_super-cobra.bin,br_super-cobra.bin,8192,Brazilian,BR,not_tested,Super Cobra (1983)(Parker Brothers)(BR).bin,
E39500A6,Catch the Ball/Noughts and Crosses,br_19.bin,2048,Brazilian,BR,not_tested,O Malabarista + Jogo da Velha (1980)(Philips)(BR).bin,
838A2D1E,Chinese Logic,br_17.bin,2048,Brazilian,BR,not_tested,Desafio Chines (1980)(Philips)(BR).bin,
B1109A09,Depth Charge/Marksman,br_16.bin,2048,Brazilian,BR,not_tested,Bombardeio Submarino + Tiro ao Alvo (1980)(Philips)(BR).bin,
5B6E741A,Loony Balloon,br_54.bin,4096,Brazilian,BR,not_tested,,
25874B04,Neutron star,br_55.bin,8192,Brazilian,BR,not_tested,Buraco Negro (19xx)(Philips)(BR).bin,
A57D84F3,NTSC version of Frogger,br_frogger.bin,8192,Brazilian,BR,not_tested,Frogger (1983)(Parker Brothers)(BR).bin,
16C574C8,Secret of the Pharaohs,br_21.bin,4096,Brazilian,BR,not_tested,O Segredo do Farao (1980)(Philips)(BR).bin,
02743352,Super Bee,br_50.bin,4096,Brazilian,BR,not_tested,Super Bee (1983)(Philips)(BR).bin,
228842DF,The Great Wall Street Fortune Hunt (portuguese),br_46.bin,4096,Brazilian,BR,not_tested,Wall Street (1983)(Philips)(BR).bin,
975AB8DA,4 in 1 Row (1982)(Philips)(EU)[b],4 in 1 Row (1982)(Philips)(EU)[b].bin,2048,,EU,not_tested,,
3B24E1EE,Course de Voitures + Autodrome + Cryptogramme (1980)(Philips)(FR).bin,Course de Voitures + Autodrome + Cryptogramme (1980)(Philips)(FR).bin,2048,,,playable,Vp01_F.bin,
45E62222,German traffic game part1,csv1.bin,2048,,,not_tested,Verkehrsspiele Traffic Games 1 (1982)(CSV - Philips)(DE).bin,
69893F7F,German traffic game part2,csv2.bin,2048,,,not_tested,Verkehrsspiele Traffic Games 2 (1982)(CSV - Philips)(DE).bin,
B096654E,Killer Bees (1983)(Philips)(US).bin,Killer Bees (1983)(Philips)(US).bin,8192,,,playable,o2_47.bin,
9BC04EBB,vp01+_F.bin,vp01+_F.bin,8192,,FR,not_tested,,
6381E402,Vp05_F.bin,Vp05_F.bin,2048,,FR,not_tested,Blackjack (1980)(Philips)(FR).bin,
A7E97958,Vp06_F.bin,Vp06_F.bin,2048,,FR,not_tested,Jeu de Quilles + Basketball (1980)(Philips)(FR).bin,
0C4E4B0A,Vp07_F.bin,Vp07_F.bin,2048,,FR,not_tested,Mathematicien + Echo (1980)(Philips)(FR).bin,
105231F8,Vp11+_F.bin,Vp11+_F.bin,8192,,FR,not_tested,,
2F6E4B46,Vp11_F.bin,Vp11_F.bin,2048,,FR,not_tested,Conflit Cosmique (1980)(Philips)(CA).bin,
AD89F799,Vp12_F.bin,Vp12_F.bin,2048,,FR,not_tested,Prendre l'Argent et Fuir (1980)(Philips)(FR).bin,
CA8AB259,Vp18_F.bin,Vp18_F.bin,2048,,FR,not_tested,Guerre Laser (1980)(Philips)(FR).bin,
A0620082,Vp23_F.bin,Vp23_F.bin,2048,,FR,not_tested,Las Vegas (1980)(Philips)(FR).bin,
54BF4750,Vp24_F.bin,Vp24_F.bin,2048,,FR,not_tested,Billard Electrique (1980)(Philips)(FR).bin,
E129490D,Vp25_F.bin,Vp25_F.bin,2048,,FR,not_tested,Skiing (1980)(Philips)(FR).bin,
551E38A2,Vp28_F.bin,Vp28_F.bin,2048,,FR,not_tested,Volleyball Electronique (1981)(Philips)(FR).bin,
D38153F6,Vp29_F.bin,Vp29_F.bin,2048,,FR,not_tested,"Mur Magique, Le (1981)(Philips)(FR).bin",
A674EA27,Vp35_F.bin,Vp35_F.bin,2048,,FR,not_tested,Billiard Americain (1981)(Philips)(FR).bin,
F00F9DBA,Vp36_F.bin,Vp36_F.bin,2048,,FR,not_tested,Football Electronique + Hockey Electronique (1981)(Philips)(FR).bin,
9B5E9356,Vp40_F.bin,Vp40_F.bin,4096,,FR,not_tested,4 en 1 Ligne (1982)(Philips)(FR).bin,
A21DA732,Vp42_F.bin,Vp42_F.bin,4096,,FR,not_tested,La Quete des Anneaux (1981)(Philips)(FR).bin,
510416B7,Vp45_F.bin,Vp45_F.bin,2048,,FR,not_tested,Morse (1983)(Philips)(FR).bin,
61A350E6,Vp47_F.bin,Vp47_F.bin,4096,,FR,not_tested,Chat et Souris (1983)(Philips)(FR).bin,
20E2F7BE,Vp52+_F.bin,Vp52+_F.bin,8192,,FR,not_tested,,
